{
  "id": "jail-break-adventure",
  "title": "Jail Break Adventure",
  "description": "jail-break-adventure",
  "version": "1.0.0",
  "compatibility": {
    "minimum": "10",
    "verified": "12"
  },
  "authors": [
    {
      "name": "mccaffertyt"
    }
  ],
  "packs": [
    {
      "name": "adventure",
      "label": "Jail Break",
      "path": "/packs/jail-break-adventure.db",
      "entity": "Adventure",
      "type": "Adventure",
      "system": "dnd5e"
    }
  ],
  "url": "https://github.com/mccaffertyt/jail-break-adventure",
  "manifest": "https://raw.githubusercontent.com/mccaffertyt/jail-break-adventure/main/module.json",
  "download": "https://github.com/mccaffertyt/jail-break-adventure/raw/main/jail-break-adventure.zip",
  "manifestPlusVersion": "1.2.0"
}