{
  "id": "murder-in-riverbend-adventure",
  "title": "Murder in Riverbend Adventure",
  "description": "murder-in-riverbend-adventure",
  "version": "1.0.0",
  "compatibility": {
    "minimum": "10",
    "verified": "12"
  },
  "authors": [
    {
      "name": "mccaffertyt"
    }
  ],
  "packs": [
    {
      "name": "adventure",
      "label": "Murder in Riverbend",
      "path": "/packs/murder-in-riverbend-adventure.db",
      "entity": "Adventure",
      "type": "Adventure",
      "system": "dnd5e"
    }
  ],
  "url": "https://github.com/mccaffertyt/murder-in-riverbend-adventure",
  "manifest": "https://raw.githubusercontent.com/mccaffertyt/murder-in-riverbend-adventure/main/module.json",
  "download": "https://github.com/mccaffertyt/murder-in-riverbend-adventure/raw/main/murder-in-riverbend-adventure.zip",
  "manifestPlusVersion": "1.2.0"
}