{
  "id": "under-hilltop",
  "title": "Under Hilltop Adventure",
  "description": "under-hilltop-adventure",
  "version": "1.0.0",
  "compatibility": {
    "minimum": "10",
    "verified": "12"
  },
  "authors": [
    {
      "name": "mccaffertyt"
    }
  ],
  "packs": [
    {
      "name": "adventure",
      "label": "under-hilltop",
      "path": "/packs/under-hilltop.db",
      "entity": "Adventure",
      "type": "Adventure",
      "system": "dnd5e"
    }
  ],
  "url": "https://github.com/mccaffertyt/under-hilltop-adventure",
  "manifest": "https://github.com/mccaffertyt/under-hilltop-adventure/releases/latest/module.json",
  "download": "https://github.com/mccaffertyt/under-hilltop-adventure/releases/download/1.0.0/under-hilltop.zip",
  "manifestPlusVersion": "1.2.0"
}